Cluster,AvgTotalSpend,SumTotalSpend,AvgFrequency,SumFrequency,AvgRecency,AvgOrderValue,AvgCLV,SumCLV,CustomerCount
0,760.5669253731344,509579.84,1.8940298507462687,1269,5270.20895522388,380.22013557375465,228.1700776119403,152873.952,670
1,2004.8638702742774,2704561.361,4.204595997034841,5672,5220.95552260934,413.5661413587951,601.4591610822832,811368.4083,1349
2,367.4904938271605,119066.92,1.2438271604938271,403,5381.0462962962965,301.96168209876544,110.24714814814816,35720.076,324
3,648.8041379310345,319860.44,1.4158215010141988,698,5319.916835699797,510.48512245242927,194.64124137931034,95958.132,493
